date,url
1q1990,
2q1990,
3q1990,
4q1990,
1q1991,
2q1991,
3q1991,
4q1991,
1q1992,
2q1992,
3q1992,
4q1992,
1q1993,https://www.federalreserve.gov/fomc/MINUTES/1993/19930323min.htm
2q1993,https://www.federalreserve.gov/fomc/MINUTES/1993/19930707min.htm
3q1993,https://www.federalreserve.gov/fomc/MINUTES/1993/19930921min.htm
4q1993,https://www.federalreserve.gov/fomc/MINUTES/1993/19931221min.htm
1q1994,https://www.federalreserve.gov/fomc/MINUTES/1994/19940322min.htm
2q1994,https://www.federalreserve.gov/fomc/MINUTES/1994/19940706min.htm
3q1994,https://www.federalreserve.gov/fomc/MINUTES/1994/19940927min.htm
4q1994,https://www.federalreserve.gov/fomc/MINUTES/1994/19941220min.htm
1q1995,https://www.federalreserve.gov/fomc/MINUTES/1995/19950328min.htm
2q1995,https://www.federalreserve.gov/fomc/MINUTES/1995/19950706min.htm
3q1995,https://www.federalreserve.gov/fomc/MINUTES/1995/19950926min.htm
4q1995,https://www.federalreserve.gov/fomc/MINUTES/1995/19951219min.htm
1q1996,https://www.federalreserve.gov/fomc/minutes/19960326.htm
2q1996,https://www.federalreserve.gov/fomc/minutes/19960702.htm
3q1996,https://www.federalreserve.gov/fomc/minutes/19960924.htm
4q1996,https://www.federalreserve.gov/fomc/minutes/19961217.htm
1q1997,https://www.federalreserve.gov/fomc/minutes/19970325.htm
2q1997,https://www.federalreserve.gov/fomc/minutes/19970701.htm
3q1997,https://www.federalreserve.gov/fomc/minutes/19970930.htm
4q1997,https://www.federalreserve.gov/fomc/minutes/19971216.htm
1q1998,https://www.federalreserve.gov/fomc/minutes/19980331.htm
2q1998,https://www.federalreserve.gov/fomc/minutes/19980630.htm
3q1998,https://www.federalreserve.gov/fomc/minutes/19980929.htm
4q1998,https://www.federalreserve.gov/fomc/minutes/19981222.htm
1q1999,https://www.federalreserve.gov/fomc/minutes/19990330.htm
2q1999,https://www.federalreserve.gov/fomc/minutes/19990629.htm
3q1999,https://www.federalreserve.gov/fomc/minutes/19991005.htm
4q1999,https://www.federalreserve.gov/fomc/minutes/19991221.htm
1q2000,https://www.federalreserve.gov/fomc/minutes/20000321.htm
2q2000,https://www.federalreserve.gov/fomc/minutes/20000628.htm
3q2000,https://www.federalreserve.gov/fomc/minutes/20001003.htm
4q2000,https://www.federalreserve.gov/fomc/minutes/20001219.htm
1q2001,https://www.federalreserve.gov/fomc/minutes/20010320.htm
2q2001,https://www.federalreserve.gov/fomc/minutes/20010627.htm
3q2001,https://www.federalreserve.gov/fomc/minutes/20011002.htm
4q2001,https://www.federalreserve.gov/fomc/minutes/20011211.htm
1q2002,https://www.federalreserve.gov/fomc/minutes/20020319.htm
2q2002,https://www.federalreserve.gov/fomc/minutes/20020626.htm
3q2002,https://www.federalreserve.gov/fomc/minutes/20020924.htm
4q2002,https://www.federalreserve.gov/fomc/minutes/20021210.htm
1q2003,https://www.federalreserve.gov/fomc/minutes/20030318.htm
2q2003,https://www.federalreserve.gov/fomc/minutes/20030625.htm
3q2003,https://www.federalreserve.gov/fomc/minutes/20030916.htm
4q2003,https://www.federalreserve.gov/fomc/minutes/20031209.htm
1q2004,https://www.federalreserve.gov/fomc/minutes/20040316.htm
2q2004,https://www.federalreserve.gov/fomc/minutes/20040630.htm
3q2004,https://www.federalreserve.gov/fomc/minutes/20040921.htm
4q2004,https://www.federalreserve.gov/fomc/minutes/20041214.htm
1q2005,https://www.federalreserve.gov/fomc/minutes/20050322.htm
2q2005,https://www.federalreserve.gov/fomc/minutes/20050630.htm
3q2005,https://www.federalreserve.gov/fomc/minutes/20050920.htm
4q2005,https://www.federalreserve.gov/fomc/minutes/20051213.htm
1q2006,https://www.federalreserve.gov/fomc/minutes/20060328.htm
2q2006,https://www.federalreserve.gov/fomc/minutes/20060629.htm
3q2006,https://www.federalreserve.gov/fomc/minutes/20060920.htm
4q2006,https://www.federalreserve.gov/fomc/minutes/20061212.htm
1q2007,https://www.federalreserve.gov/fomc/minutes/20070321.htm
2q2007,https://www.federalreserve.gov/fomc/minutes/20070628.htm
3q2007,https://www.federalreserve.gov/fomc/minutes/20070918.htm
4q2007,https://www.federalreserve.gov/monetarypolicy/fomcminutes20071211.htm
1q2008,https://www.federalreserve.gov/monetarypolicy/fomcminutes20080318.htm
2q2008,https://www.federalreserve.gov/monetarypolicy/fomc20080625.htm
3q2008,https://www.federalreserve.gov/monetarypolicy/fomcminutes20080916.htm
4q2008,https://www.federalreserve.gov/monetarypolicy/fomcminutes20081216.htm
1q2009,https://www.federalreserve.gov/monetarypolicy/fomcminutes20090318.htm
2q2009,https://www.federalreserve.gov/monetarypolicy/fomcminutes20090624.htm
3q2009,https://www.federalreserve.gov/monetarypolicy/fomcminutes20090923.htm
4q2009,https://www.federalreserve.gov/monetarypolicy/fomcminutes20091216.htm
1q2010,https://www.federalreserve.gov/monetarypolicy/fomcminutes20100316.htm
2q2010,https://www.federalreserve.gov/monetarypolicy/fomcminutes20100623.htm
3q2010,https://www.federalreserve.gov/monetarypolicy/fomcminutes20100921.htm
4q2010,https://www.federalreserve.gov/monetarypolicy/fomcminutes20101214.htm
1q2011,https://www.federalreserve.gov/monetarypolicy/fomcminutes20110315.htm
2q2011,https://www.federalreserve.gov/monetarypolicy/fomcminutes20110622.htm
3q2011,https://www.federalreserve.gov/monetarypolicy/fomcminutes20110921.htm
4q2011,https://www.federalreserve.gov/monetarypolicy/fomcminutes20111213.htm
1q2012,https://www.federalreserve.gov/monetarypolicy/fomcminutes20120313.htm
2q2012,https://www.federalreserve.gov/monetarypolicy/fomcminutes20120620.htm
3q2012,https://www.federalreserve.gov/monetarypolicy/fomcminutes20120913.htm
4q2012,https://www.federalreserve.gov/monetarypolicy/fomcminutes20121212.htm
1q2013,https://www.federalreserve.gov/monetarypolicy/fomcminutes20130320.htm
2q2013,https://www.federalreserve.gov/monetarypolicy/fomcminutes20130619.htm
3q2013,https://www.federalreserve.gov/monetarypolicy/fomcminutes20130918.htm
4q2013,https://www.federalreserve.gov/monetarypolicy/fomcminutes20131218.htm
1q2014,https://www.federalreserve.gov/monetarypolicy/fomcminutes20140319.htm
2q2014,https://www.federalreserve.gov/monetarypolicy/fomcminutes20140618.htm
3q2014,https://www.federalreserve.gov/monetarypolicy/fomcminutes20140917.htm
4q2014,https://www.federalreserve.gov/monetarypolicy/fomcminutes20141217.htm
1q2015,https://www.federalreserve.gov/monetarypolicy/fomcminutes20150318.htm
2q2015,https://www.federalreserve.gov/monetarypolicy/fomcminutes20150617.htm
3q2015,https://www.federalreserve.gov/monetarypolicy/fomcminutes20150917.htm
4q2015,https://www.federalreserve.gov/monetarypolicy/fomcminutes20151216.htm
1q2016,https://www.federalreserve.gov/monetarypolicy/fomcminutes20160316.htm
2q2016,https://www.federalreserve.gov/monetarypolicy/fomcminutes20160615.htm
3q2016,https://www.federalreserve.gov/monetarypolicy/fomcminutes20160921.htm
4q2016,https://www.federalreserve.gov/monetarypolicy/fomcminutes20161214.htm
1q2017,https://www.federalreserve.gov/monetarypolicy/fomcminutes20170315.htm
2q2017,https://www.federalreserve.gov/monetarypolicy/fomcminutes20170614.htm
3q2017,https://www.federalreserve.gov/monetarypolicy/fomcminutes20170920.htm
4q2017,https://www.federalreserve.gov/monetarypolicy/fomcminutes20171213.htm
1q2018,https://www.federalreserve.gov/monetarypolicy/fomcminutes20180321.htm
2q2018,https://www.federalreserve.gov/monetarypolicy/fomcminutes20180613.htm
3q2018,https://www.federalreserve.gov/monetarypolicy/fomcminutes20180926.htm
4q2018,https://www.federalreserve.gov/monetarypolicy/fomcminutes20181219.htm
1q2019,https://www.federalreserve.gov/monetarypolicy/fomcminutes20190320.htm
2q2019,https://www.federalreserve.gov/monetarypolicy/fomcminutes20190619.htm